{"cameraMode":{"drawMode":0,"name":"Shaded","section":"Shading Mode"},"sceneLighting":true,"audioPlay":false,"sceneViewState":{"m_AlwaysRefresh":false,"showFog":true,"showSkybox":true,"showFlares":true,"showImageEffects":true,"showParticleSystems":true,"showVisualEffectGraphs":true,"m_FxEnabled":true},"in2DMode":false,"pivot":{"x":-1.6052321195602418,"y":1.404172658920288,"z":6.369453430175781},"rotation":{"x":-0.025180045515298845,"y":-0.02667815051972866,"z":-0.0006616482278332114,"w":0.9993733763694763},"size":12.12435531616211,"orthographic":false}